caso;titulo;tipo_ligacao;problema;classificacao;cd_segmento_prefixo;trecho_anonimizado;por_que_venda_ou_nao;por_que_problema_ou_nao
A1;Cadastro prestes a inativar: o cliente comprou frota própria;Não venda;Sem problema;Retenção / inativação;496df53d;Vendedor: Eu vi que vai completar um ano sem locação conosco. Quero entender como está a sua demanda do dia a dia para a gente poder retomar a parceria. / Cliente: Por enquanto a gente não está precisando, não. A gente acabou fazendo aquisição de carros aqui, porque é utilitário que está usando muito.;Não houve cotação nem proposta. O vendedor só reforça o contato por e-mail.;Nada falhou. O cliente decidiu ter frota própria, uma escolha de negócio.
A2;"Visita de rotina: ""tá tudo tranquilo""";Não venda;Sem problema;Pós-venda / satisfação;44543c13;Vendedora: Vocês estão no meu plano de visita desse mês. Queria saber se está tudo ok com as locações, se tem alguma demanda prevista para os próximos dias. / Cliente: Tá tudo tranquilo. [...] Renovamos esse ano novamente.;A renovação já tinha acontecido. A ligação é só de acompanhamento.;O cliente confirma que está tudo certo. É o cenário ideal de uma carteira saudável.
A3;Primeiro contato após cadastro: sem demanda hoje;Não venda;Sem problema;Acompanhamento;1b3b27ac;Vendedor: Eu vi que você fez o cadastro da sua empresa. Hoje você tem alguma demanda? / Cliente: Para hoje não. [...] Já está pronto o cadastro para, na hora, não ficar preso. [...] Parando algum carro para manutenção, a gente deve estar locando, sim.;Não há pedido em jogo. O cliente só deixou o cadastro pronto para uma necessidade futura.;O cadastro funcionou. O cliente não relata nenhuma dificuldade.
A4;Mudança de carteira: o cliente só quer saber quem é o novo gerente;Não venda;Sem problema;Roteamento;bfaabc28;Cliente: Eu acho que não é mais você que atende minha empresa, né? / Vendedora: Não, teve uma mudança. Só me confirma o seu CNPJ, por favor. [...] Vou mandar uma mensagem para ela pedindo para ela te retornar.;A ligação só direciona o cliente para a pessoa certa.;Nada falhou. É uma dúvida administrativa, resolvida em segundos.
B1;Cliente não consegue redefinir a senha do portal;Não venda;P1 Acesso/sistema;Resolvido na ligação;cc1901c5;Cliente: A gente tentou fazer o login e pedir uma nova senha. Para redefinir, o processo online pede foto, e ele não está conseguindo. / [...] a vendedora identifica que o cliente estava usando o login de outra pessoa e passa o login correto [...] / Vendedora: Aí vai pedir para fazer a biometria, aí é a dele mesmo.;Não se falou de locação. É só suporte de acesso.;O cliente estava travado no portal. Havia uma falha concreta a resolver.
B2;Fatura vencida: pedido de prorrogação sem juros;Não venda;P2 Faturamento;Resolvido em parte;d8cb0363;Cliente: Você consegue ver para mim de eu não ter a cobrança pelo atraso, e se consegue colocar um tempinho para frente? / Vendedora: Ela venceu dia 9 [...] Deixa eu ver com o meu financeiro o que eu vou conseguir fazer e vou te falando no WhatsApp.;A conversa é só sobre cobrança, sem nenhuma oferta.;Há uma fatura vencida com risco de juros, e a solução depende do financeiro.
C1;O cliente precisa dos carros hoje, mas a reserva está presa em aprovação;Venda · não fechou;P10 Reserva;Não resolvido;3bb2a5b8;Cliente: Esses carros precisam ser alugados e eu preciso mandar para o cliente hoje. Apareceu uma reserva pendente de aprovação. [...] Os meninos já estão em viagem. Se chegar lá e não tiver carro, a gente precisa de um plano B. / Vendedora: Vou mandar agora para assinar o termo SCR e vou solicitar prioridade.;Há locação em jogo, com urgência e vários carros.;A aprovação travou a reserva, e o cliente já fala em plano B.
C2;O site só libera 30 dias e numa única loja;Venda · não fechou;P7 Disponibilidade;Não resolvido;b191608a;Cliente: Peguei por 30 dias, que era o único período que o site me deixou fazer. [...] Essa loja é a única que aceita reserva por empresa. / Cliente: Eu teria interesse num carro de sete lugares. Se for uma categoria superior, também tenho interesse.;O cliente quer locar e aceita até subir de categoria.;Faltou disponibilidade e o site tem restrições, o que trava a venda.
D1;Empresa nova com obra em outro estado, pedido já feito;Venda · fechou;Sem problema;Nova venda;4522d50a;Cliente: A gente pegou uma obra em outro estado [...] Em vez de usar os carros próprios, decidimos alugar. Ficaria mais barato. [...] Fiz agora de manhã um pedido. / Vendedora: Acabei de ver aqui. Tá ótimo, então.;Houve pedido concreto de locação.;O fluxo funcionou do cadastro ao pedido.
